{
  "version": 1,
  "author": "Anonymous maker",
  "editor": "wokwi",
  "parts": [
    { "type": "wokwi-arduino-uno", "id": "uno", "top": 0, "left": 0, "attrs": {} },
    { "type": "wokwi-led", "id": "led1", "top": -70.8, "left": -5.8, "attrs": { "color": "red" } },
    { "type": "wokwi-led", "id": "led2", "top": -90, "left": 138.2, "attrs": { "color": "blue" } }
  ],
  "connections": [
    [ "uno:13", "led1:A", "green", [ "v0" ] ],
    [ "led1:C", "uno:GND.1", "green", [ "v19.2", "h96.4" ] ],
    [ "led2:A", "uno:13", "green", [ "v19.2", "h-38.4", "v19.2" ] ],
    [
      "led2:C",
      "uno:GND.1",
      "green",
      [ "v9.6", "h-57.2", "v-38.4", "h-115.2", "v57.6", "h115.2" ]
    ]
  ],
  "dependencies": {}
}